Diagnosis,LogsheetType,LogsheetTab,Column,Row,Value,ExtendedDiagnosis,FilePath,DataType,Requirement
orcid error,sediment,observatory,contact_name,1,Melanthia Stavroulaki,orcid 0000-0002-0202-8256 corresponds to person name Ioulia Santi,/github/workspace/logsheets/filtered/sediment_observatory.csv,XSDString,mandatory
orcid error,water,observatory,contact_name,1,Melanthia Stavroulaki,orcid 0000-0002-0202-8256 corresponds to person name Ioulia Santi,/github/workspace/logsheets/filtered/water_observatory.csv,XSDString,mandatory
source_mat_id error,sediment,sampling,source_mat_id,1,EMOBON___,source_mat_id should match ^EMOBON_HCMR-1_So___$,/github/workspace/logsheets/filtered/sediment_sampling.csv,XSDString,mandatory
orcid error,water,sampling,store_person,1,Melanthia Stavroulaki,orcid 0000-0002-0202-8256 corresponds to person name Ioulia Santi,/github/workspace/logsheets/filtered/water_sampling.csv,XSDString,mandatory
orcid error,water,sampling,store_person,2,Melanthia Stavroulaki,orcid 0000-0002-0202-8256 corresponds to person name Ioulia Santi,/github/workspace/logsheets/filtered/water_sampling.csv,XSDString,mandatory
orcid error,water,sampling,store_person,3,Melanthia Stavroulaki,orcid 0000-0002-0202-8256 corresponds to person name Ioulia Santi,/github/workspace/logsheets/filtered/water_sampling.csv,XSDString,mandatory
orcid error,water,sampling,store_person,4,Melanthia Stavroulaki,orcid 0000-0002-0202-8256 corresponds to person name Ioulia Santi,/github/workspace/logsheets/filtered/water_sampling.csv,XSDString,mandatory
orcid error,water,sampling,store_person,5,Melanthia Stavroulaki,orcid 0000-0002-0202-8256 corresponds to person name Ioulia Santi,/github/workspace/logsheets/filtered/water_sampling.csv,XSDString,mandatory
orcid error,water,sampling,store_person,6,Melanthia Stavroulaki,orcid 0000-0002-0202-8256 corresponds to person name Ioulia Santi,/github/workspace/logsheets/filtered/water_sampling.csv,XSDString,mandatory
orcid error,water,sampling,store_person,7,Melanthia Stavroulaki,orcid 0000-0002-0202-8256 corresponds to person name Ioulia Santi,/github/workspace/logsheets/filtered/water_sampling.csv,XSDString,mandatory
orcid error,water,sampling,store_person,8,Melanthia Stavroulaki,orcid 0000-0002-0202-8256 corresponds to person name Ioulia Santi,/github/workspace/logsheets/filtered/water_sampling.csv,XSDString,mandatory
orcid error,water,sampling,store_person,9,Melanthia Stavroulaki,orcid 0000-0002-0202-8256 corresponds to person name Ioulia Santi,/github/workspace/logsheets/filtered/water_sampling.csv,XSDString,mandatory
orcid error,water,sampling,store_person,10,Melanthia Stavroulaki,orcid 0000-0002-0202-8256 corresponds to person name Ioulia Santi,/github/workspace/logsheets/filtered/water_sampling.csv,XSDString,mandatory
orcid error,water,sampling,store_person,11,Melanthia Stavroulaki,orcid 0000-0002-0202-8256 corresponds to person name Ioulia Santi,/github/workspace/logsheets/filtered/water_sampling.csv,XSDString,mandatory
orcid error,water,sampling,store_person,12,Melanthia Stavroulaki,orcid 0000-0002-0202-8256 corresponds to person name Ioulia Santi,/github/workspace/logsheets/filtered/water_sampling.csv,XSDString,mandatory
orcid error,water,sampling,store_person,13,Melanthia Stavroulaki,orcid 0000-0002-0202-8256 corresponds to person name Ioulia Santi,/github/workspace/logsheets/filtered/water_sampling.csv,XSDString,mandatory
orcid error,water,sampling,store_person,14,Melanthia Stavroulaki,orcid 0000-0002-0202-8256 corresponds to person name Ioulia Santi,/github/workspace/logsheets/filtered/water_sampling.csv,XSDString,mandatory
orcid error,water,sampling,store_person,15,Melanthia Stavroulaki,orcid 0000-0002-0202-8256 corresponds to person name Ioulia Santi,/github/workspace/logsheets/filtered/water_sampling.csv,XSDString,mandatory
orcid error,water,sampling,store_person,16,Melanthia Stavroulaki,orcid 0000-0002-0202-8256 corresponds to person name Ioulia Santi,/github/workspace/logsheets/filtered/water_sampling.csv,XSDString,mandatory
orcid error,water,sampling,store_person,17,Melanthia Stavroulaki,orcid 0000-0002-0202-8256 corresponds to person name Ioulia Santi,/github/workspace/logsheets/filtered/water_sampling.csv,XSDString,mandatory
orcid error,water,sampling,store_person,18,Melanthia Stavroulaki,orcid 0000-0002-0202-8256 corresponds to person name Ioulia Santi,/github/workspace/logsheets/filtered/water_sampling.csv,XSDString,mandatory
orcid error,water,sampling,store_person,19,Melanthia Stavroulaki,orcid 0000-0002-0202-8256 corresponds to person name Ioulia Santi,/github/workspace/logsheets/filtered/water_sampling.csv,XSDString,mandatory
orcid error,water,sampling,store_person,20,Melanthia Stavroulaki,orcid 0000-0002-0202-8256 corresponds to person name Ioulia Santi,/github/workspace/logsheets/filtered/water_sampling.csv,XSDString,mandatory
orcid error,water,sampling,store_person,21,Melanthia Stavroulaki,orcid 0000-0002-0202-8256 corresponds to person name Ioulia Santi,/github/workspace/logsheets/filtered/water_sampling.csv,XSDString,mandatory
orcid error,water,sampling,store_person,22,Melanthia Stavroulaki,orcid 0000-0002-0202-8256 corresponds to person name Ioulia Santi,/github/workspace/logsheets/filtered/water_sampling.csv,XSDString,mandatory
orcid error,water,sampling,store_person,23,Melanthia Stavroulaki,orcid 0000-0002-0202-8256 corresponds to person name Ioulia Santi,/github/workspace/logsheets/filtered/water_sampling.csv,XSDString,mandatory
orcid error,water,sampling,store_person,24,Melanthia Stavroulaki,orcid 0000-0002-0202-8256 corresponds to person name Ioulia Santi,/github/workspace/logsheets/filtered/water_sampling.csv,XSDString,mandatory
orcid error,water,sampling,store_person,25,Melanthia Stavroulaki,orcid 0000-0002-0202-8256 corresponds to person name Ioulia Santi,/github/workspace/logsheets/filtered/water_sampling.csv,XSDString,mandatory
orcid error,water,sampling,store_person,26,Melanthia Stavroulaki,orcid 0000-0002-0202-8256 corresponds to person name Ioulia Santi,/github/workspace/logsheets/filtered/water_sampling.csv,XSDString,mandatory
orcid error,water,sampling,store_person,27,Melanthia Stavroulaki,orcid 0000-0002-0202-8256 corresponds to person name Ioulia Santi,/github/workspace/logsheets/filtered/water_sampling.csv,XSDString,mandatory
orcid error,water,sampling,store_person,28,Melanthia Stavroulaki,orcid 0000-0002-0202-8256 corresponds to person name Ioulia Santi,/github/workspace/logsheets/filtered/water_sampling.csv,XSDString,mandatory
orcid error,water,sampling,store_person,29,Melanthia Stavroulaki,orcid 0000-0002-0202-8256 corresponds to person name Ioulia Santi,/github/workspace/logsheets/filtered/water_sampling.csv,XSDString,mandatory
orcid error,water,sampling,store_person,30,Melanthia Stavroulaki,orcid 0000-0002-0202-8256 corresponds to person name Ioulia Santi,/github/workspace/logsheets/filtered/water_sampling.csv,XSDString,mandatory
orcid error,water,sampling,store_person,31,Melanthia Stavroulaki,orcid 0000-0002-0202-8256 corresponds to person name Ioulia Santi,/github/workspace/logsheets/filtered/water_sampling.csv,XSDString,mandatory
orcid error,water,sampling,store_person,32,Melanthia Stavroulaki,orcid 0000-0002-0202-8256 corresponds to person name Ioulia Santi,/github/workspace/logsheets/filtered/water_sampling.csv,XSDString,mandatory
orcid error,water,sampling,store_person,33,Melanthia Stavroulaki,orcid 0000-0002-0202-8256 corresponds to person name Ioulia Santi,/github/workspace/logsheets/filtered/water_sampling.csv,XSDString,mandatory
orcid error,water,sampling,store_person,34,Melanthia Stavroulaki,orcid 0000-0002-0202-8256 corresponds to person name Ioulia Santi,/github/workspace/logsheets/filtered/water_sampling.csv,XSDString,mandatory
orcid error,water,sampling,store_person,35,Melanthia Stavroulaki,orcid 0000-0002-0202-8256 corresponds to person name Ioulia Santi,/github/workspace/logsheets/filtered/water_sampling.csv,XSDString,mandatory
orcid error,water,sampling,store_person,36,Melanthia Stavroulaki,orcid 0000-0002-0202-8256 corresponds to person name Ioulia Santi,/github/workspace/logsheets/filtered/water_sampling.csv,XSDString,mandatory
orcid error,water,sampling,store_person,37,Melanthia Stavroulaki,orcid 0000-0002-0202-8256 corresponds to person name Ioulia Santi,/github/workspace/logsheets/filtered/water_sampling.csv,XSDString,mandatory
orcid error,water,sampling,store_person,38,Melanthia Stavroulaki,orcid 0000-0002-0202-8256 corresponds to person name Ioulia Santi,/github/workspace/logsheets/filtered/water_sampling.csv,XSDString,mandatory
orcid error,water,sampling,store_person,39,Melanthia Stavroulaki,orcid 0000-0002-0202-8256 corresponds to person name Ioulia Santi,/github/workspace/logsheets/filtered/water_sampling.csv,XSDString,mandatory
orcid error,water,sampling,store_person,40,Melanthia Stavroulaki,orcid 0000-0002-0202-8256 corresponds to person name Ioulia Santi,/github/workspace/logsheets/filtered/water_sampling.csv,XSDString,mandatory
orcid error,water,sampling,store_person,41,Melanthia Stavroulaki,orcid 0000-0002-0202-8256 corresponds to person name Ioulia Santi,/github/workspace/logsheets/filtered/water_sampling.csv,XSDString,mandatory
orcid error,water,sampling,store_person,42,Melanthia Stavroulaki,orcid 0000-0002-0202-8256 corresponds to person name Ioulia Santi,/github/workspace/logsheets/filtered/water_sampling.csv,XSDString,mandatory
orcid error,water,sampling,store_person,43,Melanthia Stavroulaki,orcid 0000-0002-0202-8256 corresponds to person name Ioulia Santi,/github/workspace/logsheets/filtered/water_sampling.csv,XSDString,mandatory
orcid error,water,sampling,store_person,44,Melanthia Stavroulaki,orcid 0000-0002-0202-8256 corresponds to person name Ioulia Santi,/github/workspace/logsheets/filtered/water_sampling.csv,XSDString,mandatory
orcid error,water,sampling,store_person,45,Melanthia Stavroulaki,orcid 0000-0002-0202-8256 corresponds to person name Ioulia Santi,/github/workspace/logsheets/filtered/water_sampling.csv,XSDString,mandatory
orcid error,water,sampling,store_person,46,Melanthia Stavroulaki,orcid 0000-0002-0202-8256 corresponds to person name Ioulia Santi,/github/workspace/logsheets/filtered/water_sampling.csv,XSDString,mandatory
orcid error,water,sampling,store_person,47,Melanthia Stavroulaki,orcid 0000-0002-0202-8256 corresponds to person name Ioulia Santi,/github/workspace/logsheets/filtered/water_sampling.csv,XSDString,mandatory
orcid error,water,sampling,store_person,48,Melanthia Stavroulaki,orcid 0000-0002-0202-8256 corresponds to person name Ioulia Santi,/github/workspace/logsheets/filtered/water_sampling.csv,XSDString,mandatory
orcid error,water,sampling,store_person,49,Melanthia Stavroulaki,orcid 0000-0002-0202-8256 corresponds to person name Ioulia Santi,/github/workspace/logsheets/filtered/water_sampling.csv,XSDString,mandatory
orcid error,water,sampling,store_person,50,Melanthia Stavroulaki,orcid 0000-0002-0202-8256 corresponds to person name Ioulia Santi,/github/workspace/logsheets/filtered/water_sampling.csv,XSDString,mandatory
orcid error,water,sampling,store_person,51,Melanthia Stavroulaki,orcid 0000-0002-0202-8256 corresponds to person name Ioulia Santi,/github/workspace/logsheets/filtered/water_sampling.csv,XSDString,mandatory
orcid error,water,sampling,store_person,52,Melanthia Stavroulaki,orcid 0000-0002-0202-8256 corresponds to person name Ioulia Santi,/github/workspace/logsheets/filtered/water_sampling.csv,XSDString,mandatory
orcid error,water,sampling,store_person,53,Melanthia Stavroulaki,orcid 0000-0002-0202-8256 corresponds to person name Ioulia Santi,/github/workspace/logsheets/filtered/water_sampling.csv,XSDString,mandatory
orcid error,water,sampling,store_person,54,Melanthia Stavroulaki,orcid 0000-0002-0202-8256 corresponds to person name Ioulia Santi,/github/workspace/logsheets/filtered/water_sampling.csv,XSDString,mandatory
orcid error,water,sampling,store_person,55,Melanthia Stavroulaki,orcid 0000-0002-0202-8256 corresponds to person name Ioulia Santi,/github/workspace/logsheets/filtered/water_sampling.csv,XSDString,mandatory
orcid error,water,sampling,store_person,56,Melanthia Stavroulaki,orcid 0000-0002-0202-8256 corresponds to person name Ioulia Santi,/github/workspace/logsheets/filtered/water_sampling.csv,XSDString,mandatory
orcid error,water,sampling,store_person,57,Melanthia Stavroulaki,orcid 0000-0002-0202-8256 corresponds to person name Ioulia Santi,/github/workspace/logsheets/filtered/water_sampling.csv,XSDString,mandatory
orcid error,water,sampling,store_person,58,Melanthia Stavroulaki,orcid 0000-0002-0202-8256 corresponds to person name Ioulia Santi,/github/workspace/logsheets/filtered/water_sampling.csv,XSDString,mandatory
orcid error,water,sampling,store_person,59,Melanthia Stavroulaki,orcid 0000-0002-0202-8256 corresponds to person name Ioulia Santi,/github/workspace/logsheets/filtered/water_sampling.csv,XSDString,mandatory
orcid error,water,sampling,store_person,60,Melanthia Stavroulaki,orcid 0000-0002-0202-8256 corresponds to person name Ioulia Santi,/github/workspace/logsheets/filtered/water_sampling.csv,XSDString,mandatory
orcid error,water,sampling,store_person,61,Melanthia Stavroulaki,orcid 0000-0002-0202-8256 corresponds to person name Ioulia Santi,/github/workspace/logsheets/filtered/water_sampling.csv,XSDString,mandatory
orcid error,water,sampling,store_person,62,Melanthia Stavroulaki,orcid 0000-0002-0202-8256 corresponds to person name Ioulia Santi,/github/workspace/logsheets/filtered/water_sampling.csv,XSDString,mandatory
orcid error,water,sampling,store_person,63,Melanthia Stavroulaki,orcid 0000-0002-0202-8256 corresponds to person name Ioulia Santi,/github/workspace/logsheets/filtered/water_sampling.csv,XSDString,mandatory
orcid error,water,sampling,store_person,64,Melanthia Stavroulaki,orcid 0000-0002-0202-8256 corresponds to person name Ioulia Santi,/github/workspace/logsheets/filtered/water_sampling.csv,XSDString,mandatory
orcid error,water,sampling,store_person,65,Melanthia Stavroulaki,orcid 0000-0002-0202-8256 corresponds to person name Ioulia Santi,/github/workspace/logsheets/filtered/water_sampling.csv,XSDString,mandatory
orcid error,water,sampling,store_person,66,Melanthia Stavroulaki,orcid 0000-0002-0202-8256 corresponds to person name Ioulia Santi,/github/workspace/logsheets/filtered/water_sampling.csv,XSDString,mandatory
orcid error,water,sampling,store_person,67,Melanthia Stavroulaki,orcid 0000-0002-0202-8256 corresponds to person name Ioulia Santi,/github/workspace/logsheets/filtered/water_sampling.csv,XSDString,mandatory
orcid error,water,sampling,store_person,68,Melanthia Stavroulaki,orcid 0000-0002-0202-8256 corresponds to person name Ioulia Santi,/github/workspace/logsheets/filtered/water_sampling.csv,XSDString,mandatory
orcid error,water,sampling,store_person,69,Melanthia Stavroulaki,orcid 0000-0002-0202-8256 corresponds to person name Ioulia Santi,/github/workspace/logsheets/filtered/water_sampling.csv,XSDString,mandatory
orcid error,water,sampling,store_person,70,Melanthia Stavroulaki,orcid 0000-0002-0202-8256 corresponds to person name Ioulia Santi,/github/workspace/logsheets/filtered/water_sampling.csv,XSDString,mandatory
orcid error,water,sampling,store_person,71,Melanthia Stavroulaki,orcid 0000-0002-0202-8256 corresponds to person name Ioulia Santi,/github/workspace/logsheets/filtered/water_sampling.csv,XSDString,mandatory
orcid error,water,sampling,store_person,72,Melanthia Stavroulaki,orcid 0000-0002-0202-8256 corresponds to person name Ioulia Santi,/github/workspace/logsheets/filtered/water_sampling.csv,XSDString,mandatory
orcid error,water,sampling,store_person,73,Melanthia Stavroulaki,orcid 0000-0002-0202-8256 corresponds to person name Ioulia Santi,/github/workspace/logsheets/filtered/water_sampling.csv,XSDString,mandatory
orcid error,water,sampling,store_person,74,Melanthia Stavroulaki,orcid 0000-0002-0202-8256 corresponds to person name Ioulia Santi,/github/workspace/logsheets/filtered/water_sampling.csv,XSDString,mandatory
orcid error,water,sampling,store_person,75,Melanthia Stavroulaki,orcid 0000-0002-0202-8256 corresponds to person name Ioulia Santi,/github/workspace/logsheets/filtered/water_sampling.csv,XSDString,mandatory
orcid error,water,sampling,store_person,76,Melanthia Stavroulaki,orcid 0000-0002-0202-8256 corresponds to person name Ioulia Santi,/github/workspace/logsheets/filtered/water_sampling.csv,XSDString,mandatory
orcid error,water,sampling,store_person,77,Melanthia Stavroulaki,orcid 0000-0002-0202-8256 corresponds to person name Ioulia Santi,/github/workspace/logsheets/filtered/water_sampling.csv,XSDString,mandatory
orcid error,water,sampling,store_person,78,Melanthia Stavroulaki,orcid 0000-0002-0202-8256 corresponds to person name Ioulia Santi,/github/workspace/logsheets/filtered/water_sampling.csv,XSDString,mandatory
orcid error,water,sampling,store_person,79,Melanthia Stavroulaki,orcid 0000-0002-0202-8256 corresponds to person name Ioulia Santi,/github/workspace/logsheets/filtered/water_sampling.csv,XSDString,mandatory
orcid error,water,sampling,store_person,80,Melanthia Stavroulaki,orcid 0000-0002-0202-8256 corresponds to person name Ioulia Santi,/github/workspace/logsheets/filtered/water_sampling.csv,XSDString,mandatory
orcid error,water,sampling,store_person,81,Melanthia Stavroulaki,orcid 0000-0002-0202-8256 corresponds to person name Ioulia Santi,/github/workspace/logsheets/filtered/water_sampling.csv,XSDString,mandatory
orcid error,water,sampling,store_person,82,Melanthia Stavroulaki,orcid 0000-0002-0202-8256 corresponds to person name Ioulia Santi,/github/workspace/logsheets/filtered/water_sampling.csv,XSDString,mandatory
orcid error,water,sampling,store_person,83,Melanthia Stavroulaki,orcid 0000-0002-0202-8256 corresponds to person name Ioulia Santi,/github/workspace/logsheets/filtered/water_sampling.csv,XSDString,mandatory
orcid error,water,sampling,store_person,84,Melanthia Stavroulaki,orcid 0000-0002-0202-8256 corresponds to person name Ioulia Santi,/github/workspace/logsheets/filtered/water_sampling.csv,XSDString,mandatory
orcid error,water,sampling,store_person,85,Melanthia Stavroulaki,orcid 0000-0002-0202-8256 corresponds to person name Ioulia Santi,/github/workspace/logsheets/filtered/water_sampling.csv,XSDString,mandatory
orcid error,water,sampling,store_person,86,Melanthia Stavroulaki,orcid 0000-0002-0202-8256 corresponds to person name Ioulia Santi,/github/workspace/logsheets/filtered/water_sampling.csv,XSDString,mandatory
orcid error,water,sampling,store_person,87,Melanthia Stavroulaki,orcid 0000-0002-0202-8256 corresponds to person name Ioulia Santi,/github/workspace/logsheets/filtered/water_sampling.csv,XSDString,mandatory
orcid error,water,sampling,store_person,88,Melanthia Stavroulaki,orcid 0000-0002-0202-8256 corresponds to person name Ioulia Santi,/github/workspace/logsheets/filtered/water_sampling.csv,XSDString,mandatory
orcid error,water,sampling,store_person,89,Melanthia Stavroulaki,orcid 0000-0002-0202-8256 corresponds to person name Ioulia Santi,/github/workspace/logsheets/filtered/water_sampling.csv,XSDString,mandatory
orcid error,water,sampling,store_person,90,Melanthia Stavroulaki,orcid 0000-0002-0202-8256 corresponds to person name Ioulia Santi,/github/workspace/logsheets/filtered/water_sampling.csv,XSDString,mandatory
orcid error,water,sampling,store_person,91,Melanthia Stavroulaki,orcid 0000-0002-0202-8256 corresponds to person name Ioulia Santi,/github/workspace/logsheets/filtered/water_sampling.csv,XSDString,mandatory
orcid error,water,sampling,store_person,92,Melanthia Stavroulaki,orcid 0000-0002-0202-8256 corresponds to person name Ioulia Santi,/github/workspace/logsheets/filtered/water_sampling.csv,XSDString,mandatory
orcid error,water,sampling,store_person,93,Melanthia Stavroulaki,orcid 0000-0002-0202-8256 corresponds to person name Ioulia Santi,/github/workspace/logsheets/filtered/water_sampling.csv,XSDString,mandatory
orcid error,water,sampling,store_person,94,Melanthia Stavroulaki,orcid 0000-0002-0202-8256 corresponds to person name Ioulia Santi,/github/workspace/logsheets/filtered/water_sampling.csv,XSDString,mandatory
orcid error,water,sampling,store_person,95,Melanthia Stavroulaki,orcid 0000-0002-0202-8256 corresponds to person name Ioulia Santi,/github/workspace/logsheets/filtered/water_sampling.csv,XSDString,mandatory
orcid error,water,sampling,store_person,96,Melanthia Stavroulaki,orcid 0000-0002-0202-8256 corresponds to person name Ioulia Santi,/github/workspace/logsheets/filtered/water_sampling.csv,XSDString,mandatory
orcid error,water,sampling,store_person,97,Melanthia Stavroulaki,orcid 0000-0002-0202-8256 corresponds to person name Ioulia Santi,/github/workspace/logsheets/filtered/water_sampling.csv,XSDString,mandatory
orcid error,water,sampling,store_person,98,Melanthia Stavroulaki,orcid 0000-0002-0202-8256 corresponds to person name Ioulia Santi,/github/workspace/logsheets/filtered/water_sampling.csv,XSDString,mandatory
orcid error,water,sampling,store_person,99,Melanthia Stavroulaki,orcid 0000-0002-0202-8256 corresponds to person name Ioulia Santi,/github/workspace/logsheets/filtered/water_sampling.csv,XSDString,mandatory
orcid error,water,sampling,store_person,100,Melanthia Stavroulaki,orcid 0000-0002-0202-8256 corresponds to person name Ioulia Santi,/github/workspace/logsheets/filtered/water_sampling.csv,XSDString,mandatory
orcid error,water,sampling,store_person,101,Melanthia Stavroulaki,orcid 0000-0002-0202-8256 corresponds to person name Ioulia Santi,/github/workspace/logsheets/filtered/water_sampling.csv,XSDString,mandatory
orcid error,water,sampling,store_person,102,Melanthia Stavroulaki,orcid 0000-0002-0202-8256 corresponds to person name Ioulia Santi,/github/workspace/logsheets/filtered/water_sampling.csv,XSDString,mandatory
orcid error,water,sampling,store_person,103,Melanthia Stavroulaki,orcid 0000-0002-0202-8256 corresponds to person name Ioulia Santi,/github/workspace/logsheets/filtered/water_sampling.csv,XSDString,mandatory
orcid error,water,sampling,store_person,104,Melanthia Stavroulaki,orcid 0000-0002-0202-8256 corresponds to person name Ioulia Santi,/github/workspace/logsheets/filtered/water_sampling.csv,XSDString,mandatory
orcid error,water,sampling,store_person,105,Melanthia Stavroulaki,orcid 0000-0002-0202-8256 corresponds to person name Ioulia Santi,/github/workspace/logsheets/filtered/water_sampling.csv,XSDString,mandatory
orcid error,water,sampling,store_person,106,Melanthia Stavroulaki,orcid 0000-0002-0202-8256 corresponds to person name Ioulia Santi,/github/workspace/logsheets/filtered/water_sampling.csv,XSDString,mandatory
orcid error,water,sampling,store_person,107,Melanthia Stavroulaki,orcid 0000-0002-0202-8256 corresponds to person name Ioulia Santi,/github/workspace/logsheets/filtered/water_sampling.csv,XSDString,mandatory
orcid error,water,sampling,store_person,108,Melanthia Stavroulaki,orcid 0000-0002-0202-8256 corresponds to person name Ioulia Santi,/github/workspace/logsheets/filtered/water_sampling.csv,XSDString,mandatory
orcid error,water,sampling,store_person,109,Melanthia Stavroulaki,orcid 0000-0002-0202-8256 corresponds to person name Ioulia Santi,/github/workspace/logsheets/filtered/water_sampling.csv,XSDString,mandatory
orcid error,water,sampling,store_person,110,Melanthia Stavroulaki,orcid 0000-0002-0202-8256 corresponds to person name Ioulia Santi,/github/workspace/logsheets/filtered/water_sampling.csv,XSDString,mandatory
orcid error,water,sampling,store_person,111,Melanthia Stavroulaki,orcid 0000-0002-0202-8256 corresponds to person name Ioulia Santi,/github/workspace/logsheets/filtered/water_sampling.csv,XSDString,mandatory
orcid error,water,sampling,store_person,112,Melanthia Stavroulaki,orcid 0000-0002-0202-8256 corresponds to person name Ioulia Santi,/github/workspace/logsheets/filtered/water_sampling.csv,XSDString,mandatory
orcid error,water,sampling,store_person,113,Melanthia Stavroulaki,orcid 0000-0002-0202-8256 corresponds to person name Ioulia Santi,/github/workspace/logsheets/filtered/water_sampling.csv,XSDString,mandatory
orcid error,water,sampling,store_person,114,Melanthia Stavroulaki,orcid 0000-0002-0202-8256 corresponds to person name Ioulia Santi,/github/workspace/logsheets/filtered/water_sampling.csv,XSDString,mandatory
orcid error,water,sampling,store_person,115,Melanthia Stavroulaki,orcid 0000-0002-0202-8256 corresponds to person name Ioulia Santi,/github/workspace/logsheets/filtered/water_sampling.csv,XSDString,mandatory
orcid error,water,sampling,store_person,116,Melanthia Stavroulaki,orcid 0000-0002-0202-8256 corresponds to person name Ioulia Santi,/github/workspace/logsheets/filtered/water_sampling.csv,XSDString,mandatory
orcid error,water,sampling,store_person,117,Melanthia Stavroulaki,orcid 0000-0002-0202-8256 corresponds to person name Ioulia Santi,/github/workspace/logsheets/filtered/water_sampling.csv,XSDString,mandatory
orcid error,water,sampling,store_person,118,Melanthia Stavroulaki,orcid 0000-0002-0202-8256 corresponds to person name Ioulia Santi,/github/workspace/logsheets/filtered/water_sampling.csv,XSDString,mandatory
orcid error,water,sampling,store_person,119,Melanthia Stavroulaki,orcid 0000-0002-0202-8256 corresponds to person name Ioulia Santi,/github/workspace/logsheets/filtered/water_sampling.csv,XSDString,mandatory
orcid error,water,sampling,store_person,120,Melanthia Stavroulaki,orcid 0000-0002-0202-8256 corresponds to person name Ioulia Santi,/github/workspace/logsheets/filtered/water_sampling.csv,XSDString,mandatory
orcid error,water,sampling,store_person,121,Melanthia Stavroulaki,orcid 0000-0002-0202-8256 corresponds to person name Ioulia Santi,/github/workspace/logsheets/filtered/water_sampling.csv,XSDString,mandatory
orcid error,water,sampling,store_person,122,Melanthia Stavroulaki,orcid 0000-0002-0202-8256 corresponds to person name Ioulia Santi,/github/workspace/logsheets/filtered/water_sampling.csv,XSDString,mandatory
orcid error,water,sampling,store_person,123,Melanthia Stavroulaki,orcid 0000-0002-0202-8256 corresponds to person name Ioulia Santi,/github/workspace/logsheets/filtered/water_sampling.csv,XSDString,mandatory
orcid error,water,sampling,store_person,124,Melanthia Stavroulaki,orcid 0000-0002-0202-8256 corresponds to person name Ioulia Santi,/github/workspace/logsheets/filtered/water_sampling.csv,XSDString,mandatory
orcid error,water,sampling,store_person,125,Melanthia Stavroulaki,orcid 0000-0002-0202-8256 corresponds to person name Ioulia Santi,/github/workspace/logsheets/filtered/water_sampling.csv,XSDString,mandatory
orcid error,water,sampling,store_person,126,Melanthia Stavroulaki,orcid 0000-0002-0202-8256 corresponds to person name Ioulia Santi,/github/workspace/logsheets/filtered/water_sampling.csv,XSDString,mandatory
orcid error,water,sampling,store_person,127,Melanthia Stavroulaki,orcid 0000-0002-0202-8256 corresponds to person name Ioulia Santi,/github/workspace/logsheets/filtered/water_sampling.csv,XSDString,mandatory
orcid error,water,sampling,store_person,128,Melanthia Stavroulaki,orcid 0000-0002-0202-8256 corresponds to person name Ioulia Santi,/github/workspace/logsheets/filtered/water_sampling.csv,XSDString,mandatory
orcid error,water,sampling,store_person,129,Melanthia Stavroulaki,orcid 0000-0002-0202-8256 corresponds to person name Ioulia Santi,/github/workspace/logsheets/filtered/water_sampling.csv,XSDString,mandatory
orcid error,water,sampling,store_person,130,Melanthia Stavroulaki,orcid 0000-0002-0202-8256 corresponds to person name Ioulia Santi,/github/workspace/logsheets/filtered/water_sampling.csv,XSDString,mandatory
orcid error,water,sampling,store_person,131,Melanthia Stavroulaki,orcid 0000-0002-0202-8256 corresponds to person name Ioulia Santi,/github/workspace/logsheets/filtered/water_sampling.csv,XSDString,mandatory
orcid error,water,sampling,store_person,132,Melanthia Stavroulaki,orcid 0000-0002-0202-8256 corresponds to person name Ioulia Santi,/github/workspace/logsheets/filtered/water_sampling.csv,XSDString,mandatory
orcid error,water,sampling,store_person,133,Melanthia Stavroulaki,orcid 0000-0002-0202-8256 corresponds to person name Ioulia Santi,/github/workspace/logsheets/filtered/water_sampling.csv,XSDString,mandatory
orcid error,water,sampling,store_person,134,Melanthia Stavroulaki,orcid 0000-0002-0202-8256 corresponds to person name Ioulia Santi,/github/workspace/logsheets/filtered/water_sampling.csv,XSDString,mandatory
orcid error,water,sampling,store_person,135,Melanthia Stavroulaki,orcid 0000-0002-0202-8256 corresponds to person name Ioulia Santi,/github/workspace/logsheets/filtered/water_sampling.csv,XSDString,mandatory
orcid error,water,sampling,store_person,136,Melanthia Stavroulaki,orcid 0000-0002-0202-8256 corresponds to person name Ioulia Santi,/github/workspace/logsheets/filtered/water_sampling.csv,XSDString,mandatory
orcid error,water,sampling,store_person,137,Melanthia Stavroulaki,orcid 0000-0002-0202-8256 corresponds to person name Ioulia Santi,/github/workspace/logsheets/filtered/water_sampling.csv,XSDString,mandatory
orcid error,water,sampling,store_person,138,Melanthia Stavroulaki,orcid 0000-0002-0202-8256 corresponds to person name Ioulia Santi,/github/workspace/logsheets/filtered/water_sampling.csv,XSDString,mandatory
orcid error,water,sampling,store_person,139,Melanthia Stavroulaki,orcid 0000-0002-0202-8256 corresponds to person name Ioulia Santi,/github/workspace/logsheets/filtered/water_sampling.csv,XSDString,mandatory
orcid error,water,sampling,store_person,140,Melanthia Stavroulaki,orcid 0000-0002-0202-8256 corresponds to person name Ioulia Santi,/github/workspace/logsheets/filtered/water_sampling.csv,XSDString,mandatory
orcid error,water,sampling,store_person,141,Melanthia Stavroulaki,orcid 0000-0002-0202-8256 corresponds to person name Ioulia Santi,/github/workspace/logsheets/filtered/water_sampling.csv,XSDString,mandatory
orcid error,water,sampling,store_person,142,Melanthia Stavroulaki,orcid 0000-0002-0202-8256 corresponds to person name Ioulia Santi,/github/workspace/logsheets/filtered/water_sampling.csv,XSDString,mandatory
orcid error,water,sampling,store_person,143,Melanthia Stavroulaki,orcid 0000-0002-0202-8256 corresponds to person name Ioulia Santi,/github/workspace/logsheets/filtered/water_sampling.csv,XSDString,mandatory
orcid error,water,sampling,store_person,144,Melanthia Stavroulaki,orcid 0000-0002-0202-8256 corresponds to person name Ioulia Santi,/github/workspace/logsheets/filtered/water_sampling.csv,XSDString,mandatory
membership violation,sediment,sampling,comm_samp,1,<empty>,"comm_samp must be in ['micro', 'meio', 'macro', 'blank']",/github/workspace/logsheets/filtered/sediment_sampling.csv,XSDString,mandatory
datatype mismatch,sediment,observatory,organization,1,"Institute of Marine Biology, Biotechnology and Aquaculture (IMBBC) - Hellenic Centre for Marine Research (HCMR)",\,/github/workspace/logsheets/filtered/sediment_observatory.csv,EMOBONList,mandatory
missing value,sediment,sampling,ENA_accession_number_sample,1,<empty>,\,/github/workspace/logsheets/filtered/sediment_sampling.csv,XSDAnyURI,mandatory
missing value,sediment,sampling,arr_date_hq,1,<empty>,\,/github/workspace/logsheets/filtered/sediment_sampling.csv,XSDDate,mandatory
missing value,sediment,sampling,arr_date_seq,1,<empty>,\,/github/workspace/logsheets/filtered/sediment_sampling.csv,XSDDate,mandatory
missing value,sediment,sampling,collection_date,1,<empty>,\,/github/workspace/logsheets/filtered/sediment_sampling.csv,XSDDate,mandatory
missing value,sediment,sampling,depth,1,<empty>,\,/github/workspace/logsheets/filtered/sediment_sampling.csv,EMOBONList,mandatory
missing value,sediment,sampling,env_material,1,<empty>,\,/github/workspace/logsheets/filtered/sediment_sampling.csv,EMOBONList,mandatory
missing value,sediment,sampling,investigation_type,1,<empty>,\,/github/workspace/logsheets/filtered/sediment_sampling.csv,XSDString,mandatory
missing value,sediment,sampling,long_store,1,<empty>,\,/github/workspace/logsheets/filtered/sediment_sampling.csv,XSDBoolean,mandatory
missing value,sediment,sampling,samp_collect_device,1,<empty>,\,/github/workspace/logsheets/filtered/sediment_sampling.csv,XSDString,mandatory
missing value,sediment,sampling,samp_description,1,<empty>,\,/github/workspace/logsheets/filtered/sediment_sampling.csv,XSDString,mandatory
missing value,sediment,sampling,samp_size_mass,1,<empty>,\,/github/workspace/logsheets/filtered/sediment_sampling.csv,XSDFloat,mandatory
missing value,sediment,sampling,samp_mat_process,1,<empty>,\,/github/workspace/logsheets/filtered/sediment_sampling.csv,XSDString,mandatory
missing value,sediment,sampling,samp_mat_process_dev,1,<empty>,\,/github/workspace/logsheets/filtered/sediment_sampling.csv,XSDString,mandatory
missing value,sediment,sampling,samp_store_loc,1,<empty>,\,/github/workspace/logsheets/filtered/sediment_sampling.csv,XSDString,mandatory
missing value,sediment,sampling,samp_store_temp,1,<empty>,\,/github/workspace/logsheets/filtered/sediment_sampling.csv,XSDString,mandatory
missing value,sediment,sampling,sampl_person,1,<empty>,\,/github/workspace/logsheets/filtered/sediment_sampling.csv,XSDString,mandatory
missing value,sediment,sampling,sampling_event,1,<empty>,\,/github/workspace/logsheets/filtered/sediment_sampling.csv,XSDString,mandatory
missing value,sediment,sampling,ship_date,1,<empty>,\,/github/workspace/logsheets/filtered/sediment_sampling.csv,XSDDate,mandatory
missing value,sediment,sampling,ship_date_seq,1,<empty>,\,/github/workspace/logsheets/filtered/sediment_sampling.csv,XSDDate,mandatory
missing value,sediment,sampling,size_frac_low,1,<empty>,\,/github/workspace/logsheets/filtered/sediment_sampling.csv,XSDFloat,mandatory
missing value,sediment,sampling,size_frac_up,1,<empty>,\,/github/workspace/logsheets/filtered/sediment_sampling.csv,XSDFloat,mandatory
missing value,sediment,sampling,store_person,1,<empty>,\,/github/workspace/logsheets/filtered/sediment_sampling.csv,XSDString,mandatory
missing value,sediment,sampling,store_temp_hq,1,<empty>,\,/github/workspace/logsheets/filtered/sediment_sampling.csv,XSDFloat,mandatory
missing value,sediment,sampling,tax_id,1,<empty>,\,/github/workspace/logsheets/filtered/sediment_sampling.csv,XSDAnyURI,mandatory
missing value,sediment,sampling,failure,1,<empty>,\,/github/workspace/logsheets/filtered/sediment_sampling.csv,XSDBoolean,mandatory
missing value,sediment,sampling,scientific_name,1,<empty>,\,/github/workspace/logsheets/filtered/sediment_sampling.csv,XSDString,mandatory
missing value,sediment,sampling,comm_samp,1,<empty>,\,/github/workspace/logsheets/filtered/sediment_sampling.csv,XSDString,mandatory
missing value,sediment,sampling,source_mat_id_orig,1,<empty>,\,/github/workspace/logsheets/filtered/sediment_sampling.csv,XSDString,mandatory
missing value,sediment,sampling,samp_store_date,1,<empty>,\,/github/workspace/logsheets/filtered/sediment_sampling.csv,XSDDate,mandatory
missing value,sediment,sampling,replicate,1,<empty>,\,/github/workspace/logsheets/filtered/sediment_sampling.csv,XSDString,mandatory
missing value,sediment,sampling,failure_comment,1,<empty>,\,/github/workspace/logsheets/filtered/sediment_sampling.csv,XSDString,mandatory
missing value,water,sampling,ENA_accession_number_sample,39,<empty>,\,/github/workspace/logsheets/filtered/water_sampling.csv,XSDAnyURI,mandatory
missing value,water,sampling,ENA_accession_number_sample,40,<empty>,\,/github/workspace/logsheets/filtered/water_sampling.csv,XSDAnyURI,mandatory
missing value,water,sampling,ENA_accession_number_sample,41,<empty>,\,/github/workspace/logsheets/filtered/water_sampling.csv,XSDAnyURI,mandatory
missing value,water,sampling,ENA_accession_number_sample,42,<empty>,\,/github/workspace/logsheets/filtered/water_sampling.csv,XSDAnyURI,mandatory
missing value,water,sampling,ENA_accession_number_sample,49,<empty>,\,/github/workspace/logsheets/filtered/water_sampling.csv,XSDAnyURI,mandatory
missing value,water,sampling,ENA_accession_number_sample,50,<empty>,\,/github/workspace/logsheets/filtered/water_sampling.csv,XSDAnyURI,mandatory
missing value,water,sampling,ENA_accession_number_sample,53,<empty>,\,/github/workspace/logsheets/filtered/water_sampling.csv,XSDAnyURI,mandatory
missing value,water,sampling,ENA_accession_number_sample,54,<empty>,\,/github/workspace/logsheets/filtered/water_sampling.csv,XSDAnyURI,mandatory
missing value,water,sampling,ENA_accession_number_sample,57,<empty>,\,/github/workspace/logsheets/filtered/water_sampling.csv,XSDAnyURI,mandatory
missing value,water,sampling,ENA_accession_number_sample,59,<empty>,\,/github/workspace/logsheets/filtered/water_sampling.csv,XSDAnyURI,mandatory
missing value,water,sampling,ENA_accession_number_sample,61,<empty>,\,/github/workspace/logsheets/filtered/water_sampling.csv,XSDAnyURI,mandatory
missing value,water,sampling,ENA_accession_number_sample,62,<empty>,\,/github/workspace/logsheets/filtered/water_sampling.csv,XSDAnyURI,mandatory
missing value,water,sampling,ENA_accession_number_sample,65,<empty>,\,/github/workspace/logsheets/filtered/water_sampling.csv,XSDAnyURI,mandatory
missing value,water,sampling,ENA_accession_number_sample,66,<empty>,\,/github/workspace/logsheets/filtered/water_sampling.csv,XSDAnyURI,mandatory
missing value,water,sampling,ENA_accession_number_sample,69,<empty>,\,/github/workspace/logsheets/filtered/water_sampling.csv,XSDAnyURI,mandatory
missing value,water,sampling,ENA_accession_number_sample,71,<empty>,\,/github/workspace/logsheets/filtered/water_sampling.csv,XSDAnyURI,mandatory
missing value,water,sampling,ENA_accession_number_sample,73,<empty>,\,/github/workspace/logsheets/filtered/water_sampling.csv,XSDAnyURI,mandatory
missing value,water,sampling,ENA_accession_number_sample,74,<empty>,\,/github/workspace/logsheets/filtered/water_sampling.csv,XSDAnyURI,mandatory
missing value,water,sampling,ENA_accession_number_sample,77,<empty>,\,/github/workspace/logsheets/filtered/water_sampling.csv,XSDAnyURI,mandatory
missing value,water,sampling,ENA_accession_number_sample,78,<empty>,\,/github/workspace/logsheets/filtered/water_sampling.csv,XSDAnyURI,mandatory
missing value,water,sampling,ENA_accession_number_sample,85,<empty>,\,/github/workspace/logsheets/filtered/water_sampling.csv,XSDAnyURI,mandatory
missing value,water,sampling,ENA_accession_number_sample,86,<empty>,\,/github/workspace/logsheets/filtered/water_sampling.csv,XSDAnyURI,mandatory
missing value,water,sampling,ENA_accession_number_sample,89,<empty>,\,/github/workspace/logsheets/filtered/water_sampling.csv,XSDAnyURI,mandatory
missing value,water,sampling,ENA_accession_number_sample,90,<empty>,\,/github/workspace/logsheets/filtered/water_sampling.csv,XSDAnyURI,mandatory
missing value,water,sampling,ENA_accession_number_sample,97,<empty>,\,/github/workspace/logsheets/filtered/water_sampling.csv,XSDAnyURI,mandatory
missing value,water,sampling,ENA_accession_number_sample,98,<empty>,\,/github/workspace/logsheets/filtered/water_sampling.csv,XSDAnyURI,mandatory
missing value,water,sampling,ENA_accession_number_sample,101,<empty>,\,/github/workspace/logsheets/filtered/water_sampling.csv,XSDAnyURI,mandatory
missing value,water,sampling,ENA_accession_number_sample,102,<empty>,\,/github/workspace/logsheets/filtered/water_sampling.csv,XSDAnyURI,mandatory
missing value,water,sampling,ENA_accession_number_sample,109,<empty>,\,/github/workspace/logsheets/filtered/water_sampling.csv,XSDAnyURI,mandatory
missing value,water,sampling,ENA_accession_number_sample,110,<empty>,\,/github/workspace/logsheets/filtered/water_sampling.csv,XSDAnyURI,mandatory
missing value,water,sampling,ENA_accession_number_sample,113,<empty>,\,/github/workspace/logsheets/filtered/water_sampling.csv,XSDAnyURI,mandatory
missing value,water,sampling,ENA_accession_number_sample,114,<empty>,\,/github/workspace/logsheets/filtered/water_sampling.csv,XSDAnyURI,mandatory
missing value,water,sampling,ENA_accession_number_sample,117,<empty>,\,/github/workspace/logsheets/filtered/water_sampling.csv,XSDAnyURI,mandatory
missing value,water,sampling,ENA_accession_number_sample,119,<empty>,\,/github/workspace/logsheets/filtered/water_sampling.csv,XSDAnyURI,mandatory
missing value,water,sampling,ENA_accession_number_sample,121,<empty>,\,/github/workspace/logsheets/filtered/water_sampling.csv,XSDAnyURI,mandatory
missing value,water,sampling,ENA_accession_number_sample,122,<empty>,\,/github/workspace/logsheets/filtered/water_sampling.csv,XSDAnyURI,mandatory
missing value,water,sampling,ENA_accession_number_sample,125,<empty>,\,/github/workspace/logsheets/filtered/water_sampling.csv,XSDAnyURI,mandatory
missing value,water,sampling,ENA_accession_number_sample,126,<empty>,\,/github/workspace/logsheets/filtered/water_sampling.csv,XSDAnyURI,mandatory
missing value,water,sampling,ENA_accession_number_sample,133,<empty>,\,/github/workspace/logsheets/filtered/water_sampling.csv,XSDAnyURI,mandatory
missing value,water,sampling,ENA_accession_number_sample,134,<empty>,\,/github/workspace/logsheets/filtered/water_sampling.csv,XSDAnyURI,mandatory
missing value,water,sampling,ENA_accession_number_sample,137,<empty>,\,/github/workspace/logsheets/filtered/water_sampling.csv,XSDAnyURI,mandatory
missing value,water,sampling,ENA_accession_number_sample,138,<empty>,\,/github/workspace/logsheets/filtered/water_sampling.csv,XSDAnyURI,mandatory
missing value,water,sampling,arr_date_seq,97,<empty>,\,/github/workspace/logsheets/filtered/water_sampling.csv,XSDDate,mandatory
missing value,water,sampling,arr_date_seq,98,<empty>,\,/github/workspace/logsheets/filtered/water_sampling.csv,XSDDate,mandatory
missing value,water,sampling,arr_date_seq,101,<empty>,\,/github/workspace/logsheets/filtered/water_sampling.csv,XSDDate,mandatory
missing value,water,sampling,arr_date_seq,102,<empty>,\,/github/workspace/logsheets/filtered/water_sampling.csv,XSDDate,mandatory
missing value,water,sampling,arr_date_seq,109,<empty>,\,/github/workspace/logsheets/filtered/water_sampling.csv,XSDDate,mandatory
missing value,water,sampling,arr_date_seq,110,<empty>,\,/github/workspace/logsheets/filtered/water_sampling.csv,XSDDate,mandatory
missing value,water,sampling,arr_date_seq,113,<empty>,\,/github/workspace/logsheets/filtered/water_sampling.csv,XSDDate,mandatory
missing value,water,sampling,arr_date_seq,114,<empty>,\,/github/workspace/logsheets/filtered/water_sampling.csv,XSDDate,mandatory
missing value,water,sampling,arr_date_seq,117,<empty>,\,/github/workspace/logsheets/filtered/water_sampling.csv,XSDDate,mandatory
missing value,water,sampling,arr_date_seq,119,<empty>,\,/github/workspace/logsheets/filtered/water_sampling.csv,XSDDate,mandatory
missing value,water,sampling,arr_date_seq,121,<empty>,\,/github/workspace/logsheets/filtered/water_sampling.csv,XSDDate,mandatory
missing value,water,sampling,arr_date_seq,122,<empty>,\,/github/workspace/logsheets/filtered/water_sampling.csv,XSDDate,mandatory
missing value,water,sampling,arr_date_seq,125,<empty>,\,/github/workspace/logsheets/filtered/water_sampling.csv,XSDDate,mandatory
missing value,water,sampling,arr_date_seq,126,<empty>,\,/github/workspace/logsheets/filtered/water_sampling.csv,XSDDate,mandatory
missing value,water,sampling,arr_date_seq,133,<empty>,\,/github/workspace/logsheets/filtered/water_sampling.csv,XSDDate,mandatory
missing value,water,sampling,arr_date_seq,134,<empty>,\,/github/workspace/logsheets/filtered/water_sampling.csv,XSDDate,mandatory
missing value,water,sampling,arr_date_seq,137,<empty>,\,/github/workspace/logsheets/filtered/water_sampling.csv,XSDDate,mandatory
missing value,water,sampling,arr_date_seq,138,<empty>,\,/github/workspace/logsheets/filtered/water_sampling.csv,XSDDate,mandatory
missing value,water,sampling,ship_date_seq,97,<empty>,\,/github/workspace/logsheets/filtered/water_sampling.csv,XSDDate,mandatory
missing value,water,sampling,ship_date_seq,98,<empty>,\,/github/workspace/logsheets/filtered/water_sampling.csv,XSDDate,mandatory
missing value,water,sampling,ship_date_seq,101,<empty>,\,/github/workspace/logsheets/filtered/water_sampling.csv,XSDDate,mandatory
missing value,water,sampling,ship_date_seq,102,<empty>,\,/github/workspace/logsheets/filtered/water_sampling.csv,XSDDate,mandatory
missing value,water,sampling,ship_date_seq,109,<empty>,\,/github/workspace/logsheets/filtered/water_sampling.csv,XSDDate,mandatory
missing value,water,sampling,ship_date_seq,110,<empty>,\,/github/workspace/logsheets/filtered/water_sampling.csv,XSDDate,mandatory
missing value,water,sampling,ship_date_seq,113,<empty>,\,/github/workspace/logsheets/filtered/water_sampling.csv,XSDDate,mandatory
missing value,water,sampling,ship_date_seq,114,<empty>,\,/github/workspace/logsheets/filtered/water_sampling.csv,XSDDate,mandatory
missing value,water,sampling,ship_date_seq,117,<empty>,\,/github/workspace/logsheets/filtered/water_sampling.csv,XSDDate,mandatory
missing value,water,sampling,ship_date_seq,119,<empty>,\,/github/workspace/logsheets/filtered/water_sampling.csv,XSDDate,mandatory
missing value,water,sampling,ship_date_seq,121,<empty>,\,/github/workspace/logsheets/filtered/water_sampling.csv,XSDDate,mandatory
missing value,water,sampling,ship_date_seq,122,<empty>,\,/github/workspace/logsheets/filtered/water_sampling.csv,XSDDate,mandatory
missing value,water,sampling,ship_date_seq,125,<empty>,\,/github/workspace/logsheets/filtered/water_sampling.csv,XSDDate,mandatory
missing value,water,sampling,ship_date_seq,126,<empty>,\,/github/workspace/logsheets/filtered/water_sampling.csv,XSDDate,mandatory
missing value,water,sampling,ship_date_seq,133,<empty>,\,/github/workspace/logsheets/filtered/water_sampling.csv,XSDDate,mandatory
missing value,water,sampling,ship_date_seq,134,<empty>,\,/github/workspace/logsheets/filtered/water_sampling.csv,XSDDate,mandatory
missing value,water,sampling,ship_date_seq,137,<empty>,\,/github/workspace/logsheets/filtered/water_sampling.csv,XSDDate,mandatory
missing value,water,sampling,ship_date_seq,138,<empty>,\,/github/workspace/logsheets/filtered/water_sampling.csv,XSDDate,mandatory
missing value,water,sampling,failure,39,<empty>,\,/github/workspace/logsheets/filtered/water_sampling.csv,XSDBoolean,mandatory
missing value,water,sampling,failure,40,<empty>,\,/github/workspace/logsheets/filtered/water_sampling.csv,XSDBoolean,mandatory
missing value,water,sampling,failure,41,<empty>,\,/github/workspace/logsheets/filtered/water_sampling.csv,XSDBoolean,mandatory
missing value,water,sampling,failure,42,<empty>,\,/github/workspace/logsheets/filtered/water_sampling.csv,XSDBoolean,mandatory
missing value,water,sampling,failure,49,<empty>,\,/github/workspace/logsheets/filtered/water_sampling.csv,XSDBoolean,mandatory
missing value,water,sampling,failure,50,<empty>,\,/github/workspace/logsheets/filtered/water_sampling.csv,XSDBoolean,mandatory
missing value,water,sampling,failure,53,<empty>,\,/github/workspace/logsheets/filtered/water_sampling.csv,XSDBoolean,mandatory
missing value,water,sampling,failure,54,<empty>,\,/github/workspace/logsheets/filtered/water_sampling.csv,XSDBoolean,mandatory
missing value,water,sampling,failure,57,<empty>,\,/github/workspace/logsheets/filtered/water_sampling.csv,XSDBoolean,mandatory
missing value,water,sampling,failure,59,<empty>,\,/github/workspace/logsheets/filtered/water_sampling.csv,XSDBoolean,mandatory
missing value,water,sampling,failure,61,<empty>,\,/github/workspace/logsheets/filtered/water_sampling.csv,XSDBoolean,mandatory
missing value,water,sampling,failure,62,<empty>,\,/github/workspace/logsheets/filtered/water_sampling.csv,XSDBoolean,mandatory
missing value,water,sampling,failure,65,<empty>,\,/github/workspace/logsheets/filtered/water_sampling.csv,XSDBoolean,mandatory
missing value,water,sampling,failure,66,<empty>,\,/github/workspace/logsheets/filtered/water_sampling.csv,XSDBoolean,mandatory
missing value,water,sampling,failure,69,<empty>,\,/github/workspace/logsheets/filtered/water_sampling.csv,XSDBoolean,mandatory
missing value,water,sampling,failure,71,<empty>,\,/github/workspace/logsheets/filtered/water_sampling.csv,XSDBoolean,mandatory
missing value,water,sampling,failure,73,<empty>,\,/github/workspace/logsheets/filtered/water_sampling.csv,XSDBoolean,mandatory
missing value,water,sampling,failure,74,<empty>,\,/github/workspace/logsheets/filtered/water_sampling.csv,XSDBoolean,mandatory
missing value,water,sampling,failure,77,<empty>,\,/github/workspace/logsheets/filtered/water_sampling.csv,XSDBoolean,mandatory
missing value,water,sampling,failure,78,<empty>,\,/github/workspace/logsheets/filtered/water_sampling.csv,XSDBoolean,mandatory
missing value,water,sampling,failure,85,<empty>,\,/github/workspace/logsheets/filtered/water_sampling.csv,XSDBoolean,mandatory
missing value,water,sampling,failure,86,<empty>,\,/github/workspace/logsheets/filtered/water_sampling.csv,XSDBoolean,mandatory
missing value,water,sampling,failure,89,<empty>,\,/github/workspace/logsheets/filtered/water_sampling.csv,XSDBoolean,mandatory
missing value,water,sampling,failure,90,<empty>,\,/github/workspace/logsheets/filtered/water_sampling.csv,XSDBoolean,mandatory
missing value,water,sampling,failure,97,<empty>,\,/github/workspace/logsheets/filtered/water_sampling.csv,XSDBoolean,mandatory
missing value,water,sampling,failure,98,<empty>,\,/github/workspace/logsheets/filtered/water_sampling.csv,XSDBoolean,mandatory
missing value,water,sampling,failure,101,<empty>,\,/github/workspace/logsheets/filtered/water_sampling.csv,XSDBoolean,mandatory
missing value,water,sampling,failure,102,<empty>,\,/github/workspace/logsheets/filtered/water_sampling.csv,XSDBoolean,mandatory
missing value,water,sampling,failure,109,<empty>,\,/github/workspace/logsheets/filtered/water_sampling.csv,XSDBoolean,mandatory
missing value,water,sampling,failure,110,<empty>,\,/github/workspace/logsheets/filtered/water_sampling.csv,XSDBoolean,mandatory
missing value,water,sampling,failure,113,<empty>,\,/github/workspace/logsheets/filtered/water_sampling.csv,XSDBoolean,mandatory
missing value,water,sampling,failure,114,<empty>,\,/github/workspace/logsheets/filtered/water_sampling.csv,XSDBoolean,mandatory
missing value,water,sampling,failure,117,<empty>,\,/github/workspace/logsheets/filtered/water_sampling.csv,XSDBoolean,mandatory
missing value,water,sampling,failure,119,<empty>,\,/github/workspace/logsheets/filtered/water_sampling.csv,XSDBoolean,mandatory
missing value,water,sampling,failure,121,<empty>,\,/github/workspace/logsheets/filtered/water_sampling.csv,XSDBoolean,mandatory
missing value,water,sampling,failure,122,<empty>,\,/github/workspace/logsheets/filtered/water_sampling.csv,XSDBoolean,mandatory
missing value,water,sampling,failure,125,<empty>,\,/github/workspace/logsheets/filtered/water_sampling.csv,XSDBoolean,mandatory
missing value,water,sampling,failure,126,<empty>,\,/github/workspace/logsheets/filtered/water_sampling.csv,XSDBoolean,mandatory
missing value,water,sampling,failure,133,<empty>,\,/github/workspace/logsheets/filtered/water_sampling.csv,XSDBoolean,mandatory
missing value,water,sampling,failure,134,<empty>,\,/github/workspace/logsheets/filtered/water_sampling.csv,XSDBoolean,mandatory
missing value,water,sampling,failure,137,<empty>,\,/github/workspace/logsheets/filtered/water_sampling.csv,XSDBoolean,mandatory
missing value,water,sampling,failure,138,<empty>,\,/github/workspace/logsheets/filtered/water_sampling.csv,XSDBoolean,mandatory
missing value,water,sampling,failure_comment,39,<empty>,\,/github/workspace/logsheets/filtered/water_sampling.csv,XSDString,mandatory
missing value,water,sampling,failure_comment,40,<empty>,\,/github/workspace/logsheets/filtered/water_sampling.csv,XSDString,mandatory
missing value,water,sampling,failure_comment,41,<empty>,\,/github/workspace/logsheets/filtered/water_sampling.csv,XSDString,mandatory
missing value,water,sampling,failure_comment,42,<empty>,\,/github/workspace/logsheets/filtered/water_sampling.csv,XSDString,mandatory
missing value,water,sampling,failure_comment,49,<empty>,\,/github/workspace/logsheets/filtered/water_sampling.csv,XSDString,mandatory
missing value,water,sampling,failure_comment,50,<empty>,\,/github/workspace/logsheets/filtered/water_sampling.csv,XSDString,mandatory
missing value,water,sampling,failure_comment,53,<empty>,\,/github/workspace/logsheets/filtered/water_sampling.csv,XSDString,mandatory
missing value,water,sampling,failure_comment,54,<empty>,\,/github/workspace/logsheets/filtered/water_sampling.csv,XSDString,mandatory
missing value,water,sampling,failure_comment,57,<empty>,\,/github/workspace/logsheets/filtered/water_sampling.csv,XSDString,mandatory
missing value,water,sampling,failure_comment,59,<empty>,\,/github/workspace/logsheets/filtered/water_sampling.csv,XSDString,mandatory
missing value,water,sampling,failure_comment,61,<empty>,\,/github/workspace/logsheets/filtered/water_sampling.csv,XSDString,mandatory
missing value,water,sampling,failure_comment,62,<empty>,\,/github/workspace/logsheets/filtered/water_sampling.csv,XSDString,mandatory
missing value,water,sampling,failure_comment,65,<empty>,\,/github/workspace/logsheets/filtered/water_sampling.csv,XSDString,mandatory
missing value,water,sampling,failure_comment,66,<empty>,\,/github/workspace/logsheets/filtered/water_sampling.csv,XSDString,mandatory
missing value,water,sampling,failure_comment,69,<empty>,\,/github/workspace/logsheets/filtered/water_sampling.csv,XSDString,mandatory
missing value,water,sampling,failure_comment,71,<empty>,\,/github/workspace/logsheets/filtered/water_sampling.csv,XSDString,mandatory
missing value,water,sampling,failure_comment,73,<empty>,\,/github/workspace/logsheets/filtered/water_sampling.csv,XSDString,mandatory
missing value,water,sampling,failure_comment,74,<empty>,\,/github/workspace/logsheets/filtered/water_sampling.csv,XSDString,mandatory
missing value,water,sampling,failure_comment,77,<empty>,\,/github/workspace/logsheets/filtered/water_sampling.csv,XSDString,mandatory
missing value,water,sampling,failure_comment,78,<empty>,\,/github/workspace/logsheets/filtered/water_sampling.csv,XSDString,mandatory
missing value,water,sampling,failure_comment,85,<empty>,\,/github/workspace/logsheets/filtered/water_sampling.csv,XSDString,mandatory
missing value,water,sampling,failure_comment,86,<empty>,\,/github/workspace/logsheets/filtered/water_sampling.csv,XSDString,mandatory
missing value,water,sampling,failure_comment,89,<empty>,\,/github/workspace/logsheets/filtered/water_sampling.csv,XSDString,mandatory
missing value,water,sampling,failure_comment,90,<empty>,\,/github/workspace/logsheets/filtered/water_sampling.csv,XSDString,mandatory
missing value,water,sampling,failure_comment,97,<empty>,\,/github/workspace/logsheets/filtered/water_sampling.csv,XSDString,mandatory
missing value,water,sampling,failure_comment,98,<empty>,\,/github/workspace/logsheets/filtered/water_sampling.csv,XSDString,mandatory
missing value,water,sampling,failure_comment,101,<empty>,\,/github/workspace/logsheets/filtered/water_sampling.csv,XSDString,mandatory
missing value,water,sampling,failure_comment,102,<empty>,\,/github/workspace/logsheets/filtered/water_sampling.csv,XSDString,mandatory
missing value,water,sampling,failure_comment,109,<empty>,\,/github/workspace/logsheets/filtered/water_sampling.csv,XSDString,mandatory
missing value,water,sampling,failure_comment,110,<empty>,\,/github/workspace/logsheets/filtered/water_sampling.csv,XSDString,mandatory
missing value,water,sampling,failure_comment,113,<empty>,\,/github/workspace/logsheets/filtered/water_sampling.csv,XSDString,mandatory
missing value,water,sampling,failure_comment,114,<empty>,\,/github/workspace/logsheets/filtered/water_sampling.csv,XSDString,mandatory
missing value,water,sampling,failure_comment,117,<empty>,\,/github/workspace/logsheets/filtered/water_sampling.csv,XSDString,mandatory
missing value,water,sampling,failure_comment,119,<empty>,\,/github/workspace/logsheets/filtered/water_sampling.csv,XSDString,mandatory
missing value,water,sampling,failure_comment,121,<empty>,\,/github/workspace/logsheets/filtered/water_sampling.csv,XSDString,mandatory
missing value,water,sampling,failure_comment,122,<empty>,\,/github/workspace/logsheets/filtered/water_sampling.csv,XSDString,mandatory
missing value,water,sampling,failure_comment,125,<empty>,\,/github/workspace/logsheets/filtered/water_sampling.csv,XSDString,mandatory
missing value,water,sampling,failure_comment,126,<empty>,\,/github/workspace/logsheets/filtered/water_sampling.csv,XSDString,mandatory
missing value,water,sampling,failure_comment,133,<empty>,\,/github/workspace/logsheets/filtered/water_sampling.csv,XSDString,mandatory
missing value,water,sampling,failure_comment,134,<empty>,\,/github/workspace/logsheets/filtered/water_sampling.csv,XSDString,mandatory
missing value,water,sampling,failure_comment,137,<empty>,\,/github/workspace/logsheets/filtered/water_sampling.csv,XSDString,mandatory
missing value,water,sampling,failure_comment,138,<empty>,\,/github/workspace/logsheets/filtered/water_sampling.csv,XSDString,mandatory
